Country,Year,Access to electricity (% of population),"Annual freshwater withdrawals, total (% of internal resources)",CO2 emissions (metric tons per capita),Electric power consumption (kWh per capita),Total greenhouse gas emissions (% change from 1990),Renewable energy consumption (% of total final energy consumption),"Droughts, floods, extreme temperatures (% of population, average 1990-2009)"
Burundi,2022-01-01,,,,,,,
Burundi,2021-01-01,10.2338275909424,,,,,83.25,
Burundi,2020-01-01,9.1,2.78429423459245,0.0583840218352736,,,83.52,
Burundi,2019-01-01,9.83940029144287,2.78429423459245,0.0595713389942667,,,84.84,
Burundi,2018-01-01,9.50929260253906,2.78429423459245,0.057850230113233,,,85.65,
Burundi,2017-01-01,9.3,2.78429423459245,0.0474291236691765,,,88.19,
Burundi,2016-01-01,8.47799873352051,2.78429423459245,0.0405380853018533,,,89.58,
Burundi,2015-01-01,7.89011478424072,2.78429423459245,0.0341936179122354,,,91.18,
Burundi,2014-01-01,7.0,2.78429423459245,0.0347596973886301,,,91.31,
Burundi,2013-01-01,6.9,2.78429423459245,0.0361000266316517,,,91.11,
Burundi,2012-01-01,6.5,2.78429423459245,0.0371804176191894,,123.455019330366,91.47,
Burundi,2011-01-01,6.15572309494019,2.78429423459245,0.0379981118333185,,119.797366697913,91.66,
Burundi,2010-01-01,5.3,2.78429423459245,0.0354239062608714,,115.831108686943,92.58,
Burundi,2009-01-01,5.38613891601563,2.78429423459245,0.0227456280973839,,111.718633975473,95.18,2.37741128892302
Burundi,2008-01-01,4.8,2.78429423459245,0.0240030664007927,,104.540151563113,95.15,
Burundi,2007-01-01,4.65474510192871,2.78429423459245,0.0241799187348301,,95.7053664180535,95.29,
Burundi,2006-01-01,2.66,2.78429423459245,0.0250189666226615,,98.4089938918296,95.31,
Burundi,2005-01-01,3.20731707317073,2.78429423459245,0.0217895175909076,,89.4398793028617,96.01,
Burundi,2004-01-01,3.69034385681152,2.8,0.0224141689005934,,91.8740868863337,96.04,
Burundi,2003-01-01,3.40113353729248,2.81570576540755,0.0249531909038623,,87.8836149233088,95.76,
Burundi,2002-01-01,3.11739039421082,2.83141153081511,0.032802230972826,,79.6934524775025,94.65,
Burundi,2001-01-01,2.83210754394531,2.84711729622266,0.0325098685701179,,21.1473552341036,94.84,
Burundi,2000-01-01,2.53827786445618,2.86282306163022,0.0416319271539568,,21.4343174822351,93.23,
Burundi,1999-01-01,2.07094931602478,2.71907019383698,0.0378306133478313,,-1.11510444884199,93.75,
Burundi,1998-01-01,3.9,2.57531732703777,0.038523098947201,,122.551169021296,93.25,
Burundi,1997-01-01,,2.43156445924453,0.0381845492011799,,9.31986170762669,93.39,
Burundi,1996-01-01,,2.28781159244533,0.0376527672929144,,8.85349580248176,93.49,
Burundi,1995-01-01,,2.14405872465209,0.036559570778166,,7.14571332657552,93.73,
Burundi,1994-01-01,,2.00030585685885,0.0376986428488574,,6.354724482086,93.94,
Burundi,1993-01-01,,1.85655299005964,0.0379102897815028,,7.95605592918118,93.98,
Burundi,1992-01-01,,1.7128001222664,0.0350334358624328,,4.42620841121402,94.27,
Burundi,1991-01-01,,1.56904725447316,0.0410379014332523,,3.01256590174364,93.5,
Burundi,1990-01-01,,1.42529438767396,0.0342098981489637,,,94.64,
Burundi,1989-01-01,,1.28154151988072,,,,,
Burundi,1988-01-01,,1.13778865308151,,,,,
Burundi,1987-01-01,,0.99403578528827,,,,,
Burundi,1986-01-01,,,,,,,
Burundi,1985-01-01,,,,,,,
Burundi,1984-01-01,,,,,,,
Burundi,1983-01-01,,,,,,,
Burundi,1982-01-01,,,,,,,
Burundi,1981-01-01,,,,,,,
Burundi,1980-01-01,,,,,,,
Burundi,1979-01-01,,,,,,,
Burundi,1978-01-01,,,,,,,
Burundi,1977-01-01,,,,,,,
Burundi,1976-01-01,,,,,,,
Burundi,1975-01-01,,,,,,,
Burundi,1974-01-01,,,,,,,
Burundi,1973-01-01,,,,,,,
Burundi,1972-01-01,,,,,,,
Burundi,1971-01-01,,,,,,,
Burundi,1970-01-01,,,,,,,
Burundi,1969-01-01,,,,,,,
Burundi,1968-01-01,,,,,,,
Burundi,1967-01-01,,,,,,,
Burundi,1966-01-01,,,,,,,
Burundi,1965-01-01,,,,,,,
Burundi,1964-01-01,,,,,,,
Burundi,1963-01-01,,,,,,,
Burundi,1962-01-01,,,,,,,
Burundi,1961-01-01,,,,,,,
Burundi,1960-01-01,,,,,,,
Djibouti,2022-01-01,,,,,,,
Djibouti,2021-01-01,65.4412536621094,,,,,30.94,
Djibouti,2020-01-01,64.5011520385742,6.33333333333333,0.392329171237878,,,31.91,
Djibouti,2019-01-01,64.7,6.33333333333333,0.398763866464803,,,26.99,
Djibouti,2018-01-01,62.408332824707,6.33333333333333,0.392452501801933,,,26.28,
Djibouti,2017-01-01,60.2,6.33333333333333,0.387797733776952,,,24.35,
Djibouti,2016-01-01,59.8381195068359,6.33333333333333,0.386480086703197,,,25.06,
Djibouti,2015-01-01,59.1333770751953,6.33333333333333,0.443772428370827,,,28.24,
Djibouti,2014-01-01,58.8877296447754,6.33333333333333,0.406607305525196,,,30.91,
Djibouti,2013-01-01,58.6371040344238,6.33333333333333,0.575032955905462,,,34.42,
Djibouti,2012-01-01,54.6,6.33333333333333,0.516191500130463,,51.8617851499307,34.09,
Djibouti,2011-01-01,58.1238250732422,6.33333333333333,0.506932561637299,,48.3109752709479,34.62,
Djibouti,2010-01-01,57.8680686950684,6.33333333333333,0.564730814546143,,44.369923201458,32.54,
Djibouti,2009-01-01,57.6180229187012,6.33333333333333,0.516589113564154,,38.5169648163513,34.38,6.79684704554282
Djibouti,2008-01-01,57.3775215148926,6.33333333333333,0.537215450239329,,38.2617768026143,33.14,
Djibouti,2007-01-01,57.1504096984863,6.33333333333333,0.543460672495019,,33.5331856849195,32.52,
Djibouti,2006-01-01,55.5,6.33333333333333,0.510775762828135,,18.019031154548,33.01,
Djibouti,2005-01-01,56.7514762878418,6.33333333333333,0.51669292456861,,18.5795679694902,33.09,
Djibouti,2004-01-01,56.5816841125488,6.33333333333333,0.483642544414344,,16.1564406663791,33.62,
Djibouti,2003-01-01,56.4243621826172,6.33333333333333,0.513881879091431,,14.9995802300767,32.88,
Djibouti,2002-01-01,49.7,6.33333333333333,0.50638108598214,,10.8375629505977,32.44,
Djibouti,2001-01-01,56.1191177368164,6.33333333333333,0.491841826803747,,24.8305303482401,31.68,
Djibouti,2000-01-01,55.9571800231934,6.33333333333333,0.503212121293797,,8.1014958384422,31.44,
Djibouti,1999-01-01,56.3451690673828,6.0888889,0.546727627329987,,8.25334972857905,29.58,
Djibouti,1998-01-01,56.3222541809082,5.8111111,0.566683934841421,,9.49680140149409,29.6,
Djibouti,1997-01-01,56.2944946289063,5.6,0.496865762384956,,10.7959197320416,32.04,
Djibouti,1996-01-01,62.0,5.35555556666667,0.459164599650352,,5.17408522696927,33.97,
Djibouti,1995-01-01,,5.1111111,0.501573173617696,,5.09611117270861,32.22,
Djibouti,1994-01-01,,4.83333333333333,0.473954933381664,,0.189175067751535,32.41,
Djibouti,1993-01-01,,4.62222223333333,0.500301849873452,,-1.72593483294411,31.17,
Djibouti,1992-01-01,,4.37777776666667,0.488609540803309,,-2.99264691443635,30.26,
Djibouti,1991-01-01,,4.13333333333333,0.458536787155879,,5.41888083887185,30.14,
Djibouti,1990-01-01,,3.8888889,0.474900939579641,,,29.65,
Djibouti,1989-01-01,,3.64444443333333,,,,,
Djibouti,1988-01-01,,3.4,,,,,
Djibouti,1987-01-01,,3.15555556666667,,,,,
Djibouti,1986-01-01,,2.9111111,,,,,
Djibouti,1985-01-01,,2.66666666666667,,,,,
Djibouti,1984-01-01,,,,,,,
Djibouti,1983-01-01,,,,,,,
Djibouti,1982-01-01,,,,,,,
Djibouti,1981-01-01,,,,,,,
Djibouti,1980-01-01,,,,,,,
Djibouti,1979-01-01,,,,,,,
Djibouti,1978-01-01,,,,,,,
Djibouti,1977-01-01,,,,,,,
Djibouti,1976-01-01,,,,,,,
Djibouti,1975-01-01,,,,,,,
Djibouti,1974-01-01,,,,,,,
Djibouti,1973-01-01,,,,,,,
Djibouti,1972-01-01,,,,,,,
Djibouti,1971-01-01,,,,,,,
Djibouti,1970-01-01,,,,,,,
Djibouti,1969-01-01,,,,,,,
Djibouti,1968-01-01,,,,,,,
Djibouti,1967-01-01,,,,,,,
Djibouti,1966-01-01,,,,,,,
Djibouti,1965-01-01,,,,,,,
Djibouti,1964-01-01,,,,,,,
Djibouti,1963-01-01,,,,,,,
Djibouti,1962-01-01,,,,,,,
Djibouti,1961-01-01,,,,,,,
Djibouti,1960-01-01,,,,,,,
Eritrea,2022-01-01,,,,,,,
Eritrea,2021-01-01,52.5140495300293,,,,,,
Eritrea,2020-01-01,51.3922996520996,20.7857142857143,0.198657542968412,,,80.9,
Eritrea,2019-01-01,50.2704086303711,20.7857142857143,0.199267295412336,,,80.55,
Eritrea,2018-01-01,49.1476898193359,20.7857142857143,0.196698529680667,,,80.8,
Eritrea,2017-01-01,48.0233116149902,20.7857142857143,0.171174998152745,,,81.64,
Eritrea,2016-01-01,46.8964424133301,20.7857142857143,0.172496431953649,,,81.4,
Eritrea,2015-01-01,45.7662582397461,20.7857142857143,0.170927836656581,,,81.19,
Eritrea,2014-01-01,44.6319198608398,20.7857142857143,0.178195686678652,96.2862107614885,,80.48,
Eritrea,2013-01-01,43.492603302002,20.7857142857143,0.178812007279529,94.6496552113281,,79.65,
Eritrea,2012-01-01,42.348258972168,20.7857142857143,0.192258737328583,92.8489120690058,49.2512200338221,78.42,
Eritrea,2011-01-01,41.2019424438477,20.7857142857143,0.18577614829918,89.4758337308305,47.3020997752717,77.07,
Eritrea,2010-01-01,40.0574951171875,20.7857142857143,0.159781963302408,86.4115598334925,45.2604338871633,80.9,
Eritrea,2009-01-01,38.918758392334,20.7857142857143,0.151701358804211,84.3091577904256,42.4512654385915,81.65,7.32348285594532
Eritrea,2008-01-01,37.7895660400391,20.7857142857143,0.149482047748687,80.5115745369171,48.5576979727193,81.36,
Eritrea,2007-01-01,36.6737632751465,20.7857142857143,0.176517547864648,83.7272501100415,45.9823429256733,79.1,
Eritrea,2006-01-01,35.5751838684082,20.7857142857143,0.183872534671623,80.5529543664041,34.4257451132993,77.29,
Eritrea,2005-01-01,34.4974479675293,20.7857142857143,0.208293016429521,85.4600647236391,34.211964466377,74.69,
Eritrea,2004-01-01,33.4389610290527,20.7857142857143,0.254601648848774,85.0481698357666,35.9044807885103,69.79,
Eritrea,2003-01-01,32.392951965332,19.2803571428571,0.258152778144185,87.8121949656854,34.3745374209978,75.05,
Eritrea,2002-01-01,32.2,17.775,0.266602654289196,84.7915384325499,33.6200522355041,74.69,
Eritrea,2001-01-01,30.3103256225586,16.2696428571429,0.281454324194016,78.800061902729,41.6841349190618,74.85,
Eritrea,2000-01-01,29.2596969604492,14.7642857142857,0.264614188759988,71.8799104008559,49.3522732134717,76.79,
Eritrea,1999-01-01,28.0999355316162,,0.274273841841019,74.6877648285979,48.097629283832,76.13,
Eritrea,1998-01-01,26.9896945953369,,0.263071450128361,70.1753479599424,40.0400019057093,75.01,
Eritrea,1997-01-01,25.8746109008789,,0.359610763143552,80.7309951600677,36.2124975013051,77.6,
Eritrea,1996-01-01,24.7554473876953,,0.38444873464769,74.6442362945011,25.5175375477353,76.38,
Eritrea,1995-01-01,22.9,,0.369304011644617,68.6068180343219,12.4751880756087,77.89,
Eritrea,1994-01-01,,,0.357728274173807,69.0330477356181,8.04484569346424,80.1,
Eritrea,1993-01-01,,,0.318307233351452,64.6001678594987,3.67410020223125,83.64,
Eritrea,1992-01-01,,,0.226790890678671,64.0240522228058,10.5925535638188,89.87,
Eritrea,1991-01-01,,,0.0,,-0.0174560094021503,,
Eritrea,1990-01-01,,,0.0,,,,
Eritrea,1989-01-01,,,,,,,
Eritrea,1988-01-01,,,,,,,
Eritrea,1987-01-01,,,,,,,
Eritrea,1986-01-01,,,,,,,
Eritrea,1985-01-01,,,,,,,
Eritrea,1984-01-01,,,,,,,
Eritrea,1983-01-01,,,,,,,
Eritrea,1982-01-01,,,,,,,
Eritrea,1981-01-01,,,,,,,
Eritrea,1980-01-01,,,,,,,
Eritrea,1979-01-01,,,,,,,
Eritrea,1978-01-01,,,,,,,
Eritrea,1977-01-01,,,,,,,
Eritrea,1976-01-01,,,,,,,
Eritrea,1975-01-01,,,,,,,
Eritrea,1974-01-01,,,,,,,
Eritrea,1973-01-01,,,,,,,
Eritrea,1972-01-01,,,,,,,
Eritrea,1971-01-01,,,,,,,
Eritrea,1970-01-01,,,,,,,
Eritrea,1969-01-01,,,,,,,
Eritrea,1968-01-01,,,,,,,
Eritrea,1967-01-01,,,,,,,
Eritrea,1966-01-01,,,,,,,
Eritrea,1965-01-01,,,,,,,
Eritrea,1964-01-01,,,,,,,
Eritrea,1963-01-01,,,,,,,
Eritrea,1962-01-01,,,,,,,
Eritrea,1961-01-01,,,,,,,
Eritrea,1960-01-01,,,,,,,
Ethiopia,2022-01-01,,,,,,,
Ethiopia,2021-01-01,54.1884155273438,,,,,,
Ethiopia,2020-01-01,51.1445960998535,8.64598360655738,0.154431771590205,,,89.52,
Ethiopia,2019-01-01,48.0476188659668,8.64598360655738,0.155169188831947,,,89.5,
Ethiopia,2018-01-01,44.8443260192871,8.64598360655738,0.153230325883588,,,89.73,
Ethiopia,2017-01-01,44.3,8.64598360655738,0.146790211829337,,,90.2,
Ethiopia,2016-01-01,42.9,8.64754098360656,0.144807033553953,,,90.37,
Ethiopia,2015-01-01,29.0,8.44576005959016,0.127315885004371,,,91.46,
Ethiopia,2014-01-01,27.2,8.24553651270492,0.125220099867699,68.0523316415091,,91.16,
Ethiopia,2013-01-01,30.7753524780273,8.04531296573771,0.104968497193462,62.934952884175,,92.42,
Ethiopia,2012-01-01,29.0165519714356,7.84508941877049,0.090618147260683,56.1665231005869,175.320311623818,93.24,
Ethiopia,2011-01-01,23.0,7.64486587180328,0.0822442858627317,51.5912311635781,173.468482102083,93.55,
Ethiopia,2010-01-01,25.4968814849854,7.44464232491803,0.0725387745198668,47.4350603322308,171.574474324899,94.11,
Ethiopia,2009-01-01,23.743688583374,7.24441877795082,0.0753207992315423,41.4152011078019,170.476989338268,94.18,3.26301816870463
Ethiopia,2008-01-01,22.0000438690186,7.04461997016393,0.0769075705004338,40.2929901399532,160.423058107167,94.09,
Ethiopia,2007-01-01,20.2697849273682,6.84425484352459,0.0727289934281699,38.9286403995503,180.839702194181,94.16,
Ethiopia,2006-01-01,18.5567531585693,6.64374813713115,0.0678219197764366,36.9175710446782,160.301632705887,94.54,
Ethiopia,2005-01-01,14.0,6.44352459016393,0.0651801201859715,33.0450752898479,197.189384335979,94.73,
Ethiopia,2004-01-01,15.1916208267212,5.81426229508197,0.0708383442212328,30.3448720605746,160.396912716064,94.13,
Ethiopia,2003-01-01,13.5311555862427,5.185,0.0686412431478002,28.2360641014963,155.171143530863,94.23,
Ethiopia,2002-01-01,11.8761577606201,4.55573770491803,0.0643209963134495,25.888796503718,177.485783132186,94.53,
Ethiopia,2001-01-01,10.2196207046509,,0.0637694596607203,26.2391773897631,114.942930374992,94.6,
Ethiopia,2000-01-01,12.7,,0.0530643134257323,22.4818443442729,172.832220006481,95.55,
Ethiopia,1999-01-01,,,0.0488125103731963,22.742087562907,223.613841382073,95.81,
Ethiopia,1998-01-01,,,0.0511209895677924,23.5679862674666,183.66707750709,95.72,
Ethiopia,1997-01-01,,,0.0499465325178318,23.7288489891478,9.67272108726231,95.85,
Ethiopia,1996-01-01,,,0.0483675435904799,24.3143582654807,6.25425577671688,95.99,
Ethiopia,1995-01-01,,,0.0447956710543586,23.9054072430531,2.82541908461329,96.28,
Ethiopia,1994-01-01,,,0.0406578824377347,23.4806732394453,-2.10936063453725,96.57,
Ethiopia,1993-01-01,,,0.0360892295744219,23.144846659535,-2.88644769040319,96.92,
Ethiopia,1992-01-01,,,0.0291704416291811,21.4759974293404,2.40982541855308,97.51,
Ethiopia,1991-01-01,,,0.0467204659911413,21.787264582899,-5.4073677865737,96.38,
Ethiopia,1990-01-01,,,0.0482621762993678,22.5990716042394,,96.3,
Ethiopia,1989-01-01,,,,18.746230459923,,,
Ethiopia,1988-01-01,,,,19.4106979500618,,,
Ethiopia,1987-01-01,,,,20.5591543928787,,,
Ethiopia,1986-01-01,,,,20.1421728637941,,,
Ethiopia,1985-01-01,,,,20.081435308798,,,
Ethiopia,1984-01-01,,,,21.4780083815249,,,
Ethiopia,1983-01-01,,,,20.4000571515447,,,
Ethiopia,1982-01-01,,,,19.5628493214795,,,
Ethiopia,1981-01-01,,,,19.0402571339265,,,
Ethiopia,1980-01-01,,,,18.1711683423107,,,
Ethiopia,1979-01-01,,,,17.1467255953978,,,
Ethiopia,1978-01-01,,,,15.6163047648849,,,
Ethiopia,1977-01-01,,,,14.9873788463327,,,
Ethiopia,1976-01-01,,,,16.0606294508511,,,
Ethiopia,1975-01-01,,,,16.6497260096904,,,
Ethiopia,1974-01-01,,,,17.2125714143078,,,
Ethiopia,1973-01-01,,,,17.9512063406137,,,
Ethiopia,1972-01-01,,,,18.8683487063539,,,
Ethiopia,1971-01-01,,,,18.9693368230498,,,
Ethiopia,1970-01-01,,,,,,,
Ethiopia,1969-01-01,,,,,,,
Ethiopia,1968-01-01,,,,,,,
Ethiopia,1967-01-01,,,,,,,
Ethiopia,1966-01-01,,,,,,,
Ethiopia,1965-01-01,,,,,,,
Ethiopia,1964-01-01,,,,,,,
Ethiopia,1963-01-01,,,,,,,
Ethiopia,1962-01-01,,,,,,,
Ethiopia,1961-01-01,,,,,,,
Ethiopia,1960-01-01,,,,,,,
Kenya,2022-01-01,,,,,,,
Kenya,2021-01-01,76.5424499511719,,,,,,
Kenya,2020-01-01,71.4927139282227,19.4782608695652,0.374079219355755,,,72.5,
Kenya,2019-01-01,69.7,19.4782608695652,0.382362032876395,,,71.42,
Kenya,2018-01-01,61.1806144714355,19.4782608695652,0.385437968227287,,,71.63,
Kenya,2017-01-01,55.8319931030273,19.4782608695652,0.41058150997657,,,71.03,
Kenya,2016-01-01,53.1,19.4782608695652,0.403178474765564,,,71.07,
Kenya,2015-01-01,41.6,15.5555555555556,0.386120073710359,,,71.96,
Kenya,2014-01-01,36.0,15.5536231884058,0.364375325524079,167.438098686933,,74.31,
Kenya,2013-01-01,40.0921516418457,15.551690821256,0.32120873806002,163.599298880559,,76.55,
Kenya,2012-01-01,38.1259918212891,15.5497584541063,0.296879604689277,152.564368967836,39.4394882738836,78.25,
Kenya,2011-01-01,36.1578636169434,15.5478260869565,0.327520882772203,150.603455215256,37.4157595414909,76.79,
Kenya,2010-01-01,19.2,15.5458937198068,0.323340092266238,149.670401160752,35.2616180623094,76.11,
Kenya,2009-01-01,23.0,14.9261559695652,0.307805552827632,141.659327699398,34.9344170182001,77.61,6.47785323086186
Kenya,2008-01-01,30.2800559997559,14.3064182193237,0.265693416128019,141.016531164309,36.8072814699056,79.87,
Kenya,2007-01-01,28.3424415588379,13.6866804690821,0.25945667922109,141.888933696382,36.2351753683051,79.78,
Kenya,2006-01-01,26.4220523834229,13.0669427193237,0.264463997037475,138.523086084204,28.4383667607988,79.26,
Kenya,2005-01-01,24.5225009918213,12.4472049690821,0.242937186357954,130.959983550489,24.9556288830024,80.69,
Kenya,2004-01-01,22.6422061920166,11.8274672188406,0.220244197518061,128.909552229437,19.5183021517071,81.67,
Kenya,2003-01-01,16.0,11.207729468599,0.202475058431098,121.893716615825,18.913563846929,82.87,
Kenya,2002-01-01,18.9120292663574,9.9837730705314,0.233826765934642,116.474088343918,12.4328488678593,80.14,
Kenya,2001-01-01,17.0481357574463,8.75981667294686,0.247786635508931,117.640240547091,14.0528189750356,79.63,
Kenya,2000-01-01,15.1756944656372,7.53586027487923,0.27973260127852,108.162926753311,18.7301964408302,78.15,
Kenya,1999-01-01,13.2088918685913,7.77212931980676,0.257382506179099,120.973949419674,20.6839507439644,78.87,
Kenya,1998-01-01,14.5,8.0083983647343,0.254353746990163,130.862861246963,71.0058149928693,79.07,
Kenya,1997-01-01,9.32631778717041,8.24466740966184,0.2396607223794,130.058019485364,5.88669486881974,79.22,
Kenya,1996-01-01,7.37853050231934,8.48093645507246,0.260655736280214,132.352076366895,5.62606093819997,78.31,
Kenya,1995-01-01,5.42734336853027,8.7172055,0.244479320101046,129.844294368251,7.33210271820501,79.13,
Kenya,1994-01-01,3.47343683242798,8.95347454492754,0.233682552335402,128.416349375734,5.97072767091169,80.24,
Kenya,1993-01-01,10.9,9.18974358985507,0.235953848147219,130.868866088029,2.31935155898888,79.96,
Kenya,1992-01-01,,9.42601263478261,0.246952806859487,128.124411521009,0.176932380826345,79.18,
Kenya,1991-01-01,,9.66228167971015,0.251594651528426,127.977670593169,-2.05960353567917,78.56,
Kenya,1990-01-01,,9.89855072463768,0.27065569439678,126.498833080645,,77.23,
Kenya,1989-01-01,,,,122.968743292944,,,
Kenya,1988-01-01,,,,119.993774195854,,,
Kenya,1987-01-01,,,,126.663542458912,,,
Kenya,1986-01-01,,,,117.455196273932,,,
Kenya,1985-01-01,,,,114.58881098095,,,
Kenya,1984-01-01,,,,109.368141161796,,,
Kenya,1983-01-01,,,,107.695520082198,,,
Kenya,1982-01-01,,,,108.204403632061,,,
Kenya,1981-01-01,,,,109.496256455245,,,
Kenya,1980-01-01,,,,105.454186920419,,,
Kenya,1979-01-01,,,,104.989477685671,,,
Kenya,1978-01-01,,,,101.143846765614,,,
Kenya,1977-01-01,,,,97.8230193616863,,,
Kenya,1976-01-01,,,,95.8001932738762,,,
Kenya,1975-01-01,,,,89.3647979461918,,,
Kenya,1974-01-01,,,,86.1106022145345,,,
Kenya,1973-01-01,,,,83.6180356344489,,,
Kenya,1972-01-01,,,,80.8251107713824,,,
Kenya,1971-01-01,,,,76.3964604822289,,,
Kenya,1970-01-01,,,,,,,
Kenya,1969-01-01,,,,,,,
Kenya,1968-01-01,,,,,,,
Kenya,1967-01-01,,,,,,,
Kenya,1966-01-01,,,,,,,
Kenya,1965-01-01,,,,,,,
Kenya,1964-01-01,,,,,,,
Kenya,1963-01-01,,,,,,,
Kenya,1962-01-01,,,,,,,
Kenya,1961-01-01,,,,,,,
Kenya,1960-01-01,,,,,,,
Rwanda,2022-01-01,,,,,,,
Rwanda,2021-01-01,48.7004356384277,,,,,81.39,
Rwanda,2020-01-01,45.1901092529297,6.42105263157895,0.105124140047262,,,81.7,
Rwanda,2019-01-01,46.6,6.42105263157895,0.113057797770289,,,81.8,
Rwanda,2018-01-01,37.9568328857422,6.05398100526316,0.111987033315544,,,82.82,
Rwanda,2017-01-01,34.1,5.7921725368421,0.102654554383161,,,84.46,
Rwanda,2016-01-01,29.37,5.53036406842105,0.0962207458130356,,,85.5,
Rwanda,2015-01-01,22.8,5.2685556,0.0927977157696768,,,86.31,
Rwanda,2014-01-01,19.8,5.00674713052632,0.0812705266531034,,,87.95,
Rwanda,2013-01-01,15.2,4.74493866210526,0.0814036130740856,,,88.47,
Rwanda,2012-01-01,17.5,4.48313019368421,0.0751019295161939,,105.720278304499,88.78,
Rwanda,2011-01-01,10.8,4.22132172526316,0.0695920140169191,,103.576890431834,89.7,
Rwanda,2010-01-01,9.7,3.95951325684211,0.0682585977285353,,101.339110644335,90.47,
Rwanda,2009-01-01,15.6132183074951,3.69770478842105,0.0667958549691215,,83.4910339127171,90.54,1.29597316565611
Rwanda,2008-01-01,6.0,3.43589632,0.0667900498016969,,59.4034584198441,90.63,
Rwanda,2007-01-01,12.796820640564,3.17408785157895,0.0686053212544397,,50.8201770366592,90.31,
Rwanda,2006-01-01,11.412540435791,2.9122793831579,0.0777017121560947,,54.4193346115271,90.59,
Rwanda,2005-01-01,4.8,2.65047091368421,0.0794234713474482,,52.6450743719235,89.25,
Rwanda,2004-01-01,8.70491313934326,2.43616620526316,0.075335654497408,,73.2920818281197,87.55,
Rwanda,2003-01-01,7.3732008934021,2.22186149578947,0.0799382165622937,,47.4127282402434,87.3,
Rwanda,2002-01-01,6.0469560623169,2.00755678631579,0.0950502764710224,,47.796388727284,87.13,
Rwanda,2001-01-01,4.71917104721069,1.79325207789474,0.0819619206898493,,20.666190941808,86.89,
Rwanda,2000-01-01,6.2,1.57894736842105,0.0814452399380566,,50.6883828250288,86.78,
Rwanda,1999-01-01,3.31557703018188,,0.0617872057573006,,48.7491883980896,90.76,
Rwanda,1998-01-01,2.17412757873535,,0.0606495932540247,,67.7154114411164,90.81,
Rwanda,1997-01-01,1.02783596515656,,0.0627685955371859,,13.2496015269248,91.12,
Rwanda,1996-01-01,,,0.0691875970700662,,5.17949621923215,89.15,
Rwanda,1995-01-01,,,0.0800065483865806,,-0.623597355217764,88.36,
Rwanda,1994-01-01,,,0.0685795297998638,,-6.10204401539826,78.54,
Rwanda,1993-01-01,,,0.0614884234016552,,-2.78062323794163,81.33,
Rwanda,1992-01-01,2.3,,0.0631496493238789,,3.50402244334973,81.56,
Rwanda,1991-01-01,,,0.0643161256804825,,2.01192094465406,81.83,
Rwanda,1990-01-01,,,0.0732736044258153,,,80.09,
Rwanda,1989-01-01,,,,,,,
Rwanda,1988-01-01,,,,,,,
Rwanda,1987-01-01,,,,,,,
Rwanda,1986-01-01,,,,,,,
Rwanda,1985-01-01,,,,,,,
Rwanda,1984-01-01,,,,,,,
Rwanda,1983-01-01,,,,,,,
Rwanda,1982-01-01,,,,,,,
Rwanda,1981-01-01,,,,,,,
Rwanda,1980-01-01,,,,,,,
Rwanda,1979-01-01,,,,,,,
Rwanda,1978-01-01,,,,,,,
Rwanda,1977-01-01,,,,,,,
Rwanda,1976-01-01,,,,,,,
Rwanda,1975-01-01,,,,,,,
Rwanda,1974-01-01,,,,,,,
Rwanda,1973-01-01,,,,,,,
Rwanda,1972-01-01,,,,,,,
Rwanda,1971-01-01,,,,,,,
Rwanda,1970-01-01,,,,,,,
Rwanda,1969-01-01,,,,,,,
Rwanda,1968-01-01,,,,,,,
Rwanda,1967-01-01,,,,,,,
Rwanda,1966-01-01,,,,,,,
Rwanda,1965-01-01,,,,,,,
Rwanda,1964-01-01,,,,,,,
Rwanda,1963-01-01,,,,,,,
Rwanda,1962-01-01,,,,,,,
Rwanda,1961-01-01,,,,,,,
Rwanda,1960-01-01,,,,,,,
Sudan,2022-01-01,,,,,,,
Sudan,2021-01-01,61.7677192687988,,,,,,
Sudan,2020-01-01,59.6956977844238,673.375,0.467953928316626,,,62.13,
Sudan,2019-01-01,57.5705184936523,673.375,0.511922936509227,,,59.64,
Sudan,2018-01-01,55.3390274047852,673.375,0.515971084018811,,,59.74,
Sudan,2017-01-01,52.9681205749512,673.375,0.530471761090042,,,59.38,
Sudan,2016-01-01,50.5049591064453,673.375,0.546080394961862,,,58.85,
Sudan,2015-01-01,48.0156898498535,673.375,0.504548222221489,,,61.91,
Sudan,2014-01-01,44.9,673.375,0.450190246828352,263.517429349777,,63.77,
Sudan,2013-01-01,43.1008567810059,673.375,0.440480408496594,220.279103181755,,64.3,
Sudan,2012-01-01,40.7030906677246,673.375,0.44955612934229,217.350546328602,430.915064591278,63.74,
Sudan,2011-01-01,38.3377990722656,,0.463009125259474,195.179354661167,428.558177239238,63.66,
Sudan,2010-01-01,35.9887390136719,,0.486883005962104,179.342383400702,426.145793978845,61.31,
Sudan,2009-01-01,29.0,,0.470141651330704,153.817414055506,503.458594640656,63.1,2.76541558191951
Sudan,2008-01-01,19.97,,0.466535087012133,134.070409762397,517.633393171344,63.49,
Sudan,2007-01-01,31.1049346923828,,0.447880061413548,123.240034364862,584.57569238622,65.62,
Sudan,2006-01-01,30.7804279327393,,0.425288089184019,114.594786767981,389.728916003943,69.25,
Sudan,2005-01-01,30.4767589569092,,0.355307887181757,102.977000076877,478.442506678494,72.28,
Sudan,2004-01-01,30.1923446655273,,0.306185411467646,87.1961445014229,424.114804808839,75.4,
Sudan,2003-01-01,29.9204044342041,,0.281383038483447,86.2748584313649,438.688311947584,77.0,
Sudan,2002-01-01,29.6539306640625,,0.279790026360958,81.3556085932705,457.862849551916,76.76,
Sudan,2001-01-01,29.3859176635742,,0.232117537175311,69.3206094142509,356.803700568218,79.38,
Sudan,2000-01-01,23.0,,0.216388042134133,82.5133552808718,471.136150629918,80.42,
Sudan,1999-01-01,30.7767562866211,,0.206955078149229,80.0884382333232,452.079486893101,80.85,
Sudan,1998-01-01,30.3065280914307,,0.190471555879018,54.09693595594,460.640941177994,81.9,
Sudan,1997-01-01,29.8314571380615,,0.214607841902462,55.5728848812801,15.632947488773,80.53,
Sudan,1996-01-01,29.35231590271,,0.180498425589062,59.1729416386329,11.1726469605905,83.61,
Sudan,1995-01-01,28.8697834014893,,0.19355017100889,58.4355870234698,10.0455664566131,81.47,
Sudan,1994-01-01,28.3845348358154,,0.206857220327445,59.1975794532601,3.3305006051247,79.49,
Sudan,1993-01-01,27.897253036499,,0.144870443420056,57.3020627704843,-1.96551409700448,85.63,
Sudan,1992-01-01,27.4086132049561,,0.208020556785452,59.4580574827644,-0.275589382826769,77.4,
Sudan,1991-01-01,26.9192943572998,,0.223899725320249,58.9175457803081,-13.5935644731638,76.17,
Sudan,1990-01-01,32.8,,0.254407994050131,60.7845493072221,,73.27,
Sudan,1989-01-01,,,,51.8854722077519,,,
Sudan,1988-01-01,,,,54.7086096733329,,,
Sudan,1987-01-01,,,,61.3923548822147,,,
Sudan,1986-01-01,,,,60.2389888860574,,,
Sudan,1985-01-01,,,,54.0548960004296,,,
Sudan,1984-01-01,,,,50.1413008990946,,,
Sudan,1983-01-01,,,,37.2050915995227,,,
Sudan,1982-01-01,,,,39.550697457519,,,
Sudan,1981-01-01,,,,38.6110679545603,,,
Sudan,1980-01-01,,,,42.1025207174989,,,
Sudan,1979-01-01,,,,47.2671628946636,,,
Sudan,1978-01-01,,,,48.6090049749749,,,
Sudan,1977-01-01,,,,47.1118653857875,,,
Sudan,1976-01-01,,,,46.4239780344201,,,
Sudan,1975-01-01,,,,46.082461081991,,,
Sudan,1974-01-01,,,,45.0931753177872,,,
Sudan,1973-01-01,,,,39.3757902725117,,,
Sudan,1972-01-01,,,,33.5067834649,,,
Sudan,1971-01-01,,,,31.9652519714548,,,
Sudan,1970-01-01,,,,,,,
Sudan,1969-01-01,,,,,,,
Sudan,1968-01-01,,,,,,,
Sudan,1967-01-01,,,,,,,
Sudan,1966-01-01,,,,,,,
Sudan,1965-01-01,,,,,,,
Sudan,1964-01-01,,,,,,,
Sudan,1963-01-01,,,,,,,
Sudan,1962-01-01,,,,,,,
Sudan,1961-01-01,,,,,,,
Sudan,1960-01-01,,,,,,,
Somalia,2022-01-01,,,,,,,
Somalia,2021-01-01,49.3240242004395,,,,,95.37,
Somalia,2020-01-01,49.8635635375977,54.9666666666667,0.0399346532651356,,,95.52,
Somalia,2019-01-01,49.2,54.9666666666667,0.041029202880867,,,95.03,
Somalia,2018-01-01,50.7300186157227,54.9666666666667,0.0425732267936332,,,94.93,
Somalia,2017-01-01,52.1,54.9666666666667,0.0440588174785614,,,94.9,
Somalia,2016-01-01,51.1190757751465,54.9666666666667,0.0457851399374806,,,94.78,
Somalia,2015-01-01,51.2413673400879,54.9666666666667,0.046948882097858,,,94.5,
Somalia,2014-01-01,51.3791885375977,54.9666666666667,0.0485302122924421,,,94.64,
Somalia,2013-01-01,51.5496597290039,54.9666666666667,0.0505271937683646,,,94.4,
Somalia,2012-01-01,51.7634582519531,54.9666666666667,0.0502961096035586,,22.0733444711228,93.9,
Somalia,2011-01-01,52.0097274780273,54.9666666666667,0.0517728115714403,,20.814209912613,93.65,
Somalia,2010-01-01,52.2722282409668,54.9666666666667,0.0524834473842215,,19.5416924501637,93.57,
Somalia,2009-01-01,25.5059986114502,54.9666666666667,0.0523783514067347,,17.6970044282382,93.63,4.60368934052831
Somalia,2008-01-01,22.8504104614258,54.9666666666667,0.0540591548877357,,19.4812055663876,93.37,
Somalia,2007-01-01,20.2082080841064,54.9666666666667,0.0560887605535194,,18.4878397425994,93.02,
Somalia,2006-01-01,15.2337858220211,54.9666666666667,0.0539268851206211,,17.9542568687812,93.47,
Somalia,2005-01-01,14.9790945053101,54.9666666666667,0.0554680236301806,,18.1944636566036,93.3,
Somalia,2004-01-01,12.394211769104,54.9666666666667,0.0570801417050347,,18.043617628221,93.0,
Somalia,2003-01-01,9.82180404663086,54.9666666666667,0.0591805052549727,,19.8467573718938,92.8,
Somalia,2002-01-01,7.4,54.9216666666667,0.0606730156922095,,16.4737038243029,92.58,
Somalia,2001-01-01,4.68638134002685,54.8766666666667,0.0561695745675632,,15.0172097243263,93.26,
Somalia,2000-01-01,2.10935354232788,54.8316666666667,0.0557933787500151,,14.137768244099,93.28,
Somalia,1999-01-01,,51.6523076916667,0.0594670223397303,,18.0052070894231,92.9,
Somalia,1998-01-01,,48.4729487183333,0.0643302566185197,,16.5232320306531,92.47,
Somalia,1997-01-01,,45.2935897433333,0.070685011066917,,9.46588037377012,91.73,
Somalia,1996-01-01,,42.11423077,0.0769760921786027,,6.9780349002025,91.05,
Somalia,1995-01-01,,38.934871795,0.0829698804453794,,4.50734160371931,90.57,
Somalia,1994-01-01,,35.75551282,0.0909648916611158,,1.66832354601136,89.91,
Somalia,1993-01-01,,32.5761538466667,0.0971373394077903,,-5.90120641116613,89.4,
Somalia,1992-01-01,,29.3967948716667,0.106442904721598,,-14.2555967092382,88.81,
Somalia,1991-01-01,,26.2174358966667,0.105024550321698,,-9.64598996240759,87.56,
Somalia,1990-01-01,,23.0380769233333,0.10503070682271,,,86.29,
Somalia,1989-01-01,,19.8587179483333,,,,,
Somalia,1988-01-01,,16.679358975,,,,,
Somalia,1987-01-01,,13.5,,,,,
Somalia,1986-01-01,,,,,,,
Somalia,1985-01-01,,,,,,,
Somalia,1984-01-01,,,,,,,
Somalia,1983-01-01,,,,,,,
Somalia,1982-01-01,,,,,,,
Somalia,1981-01-01,,,,,,,
Somalia,1980-01-01,,,,,,,
Somalia,1979-01-01,,,,,,,
Somalia,1978-01-01,,,,,,,
Somalia,1977-01-01,,,,,,,
Somalia,1976-01-01,,,,,,,
Somalia,1975-01-01,,,,,,,
Somalia,1974-01-01,,,,,,,
Somalia,1973-01-01,,,,,,,
Somalia,1972-01-01,,,,,,,
Somalia,1971-01-01,,,,,,,
Somalia,1970-01-01,,,,,,,
Somalia,1969-01-01,,,,,,,
Somalia,1968-01-01,,,,,,,
Somalia,1967-01-01,,,,,,,
Somalia,1966-01-01,,,,,,,
Somalia,1965-01-01,,,,,,,
Somalia,1964-01-01,,,,,,,
Somalia,1963-01-01,,,,,,,
Somalia,1962-01-01,,,,,,,
Somalia,1961-01-01,,,,,,,
Somalia,1960-01-01,,,,,,,
South Sudan,2022-01-01,,,,,,,
South Sudan,2021-01-01,7.74776268005371,,,,,,
South Sudan,2020-01-01,7.2609338760376,2.53076923076923,0.16430913651009,,,33.22,
South Sudan,2019-01-01,6.77396583557129,2.53076923076923,0.174641876951273,,,31.56,
South Sudan,2018-01-01,6.28616857528687,2.53076923076923,0.170162964539169,,,31.55,
South Sudan,2017-01-01,4.2,2.53076923076923,0.141871639801971,,,35.13,
South Sudan,2016-01-01,5.3047661781311,2.53076923076923,0.156351308793835,,,28.67,
South Sudan,2015-01-01,4.80950117111206,2.53076923076923,0.175928836633719,,,27.49,
South Sudan,2014-01-01,4.31008577346802,2.53076923076923,0.13551783759334,41.0227726328879,,29.26,
South Sudan,2013-01-01,3.80569219589233,2.53076923076923,0.130838820817266,40.068319636421,,30.13,
South Sudan,2012-01-01,3.29626798629761,2.53076923076923,0.132559567705925,39.1530092124508,,30.56,
South Sudan,2011-01-01,2.78487372398377,,0.125081131987055,,,,
South Sudan,2010-01-01,1.5,,0.135185668231934,,,,
South Sudan,2009-01-01,3.0,,0.139846068148503,,,,
South Sudan,2008-01-01,1.27726471424103,,0.140426225718187,,,,
South Sudan,2007-01-01,0.796382963657379,,0.139370794444122,,,,
South Sudan,2006-01-01,,,0.124374630753008,,,,
South Sudan,2005-01-01,,,0.119020541055358,,,,
South Sudan,2004-01-01,,,0.130103732507799,,,,
South Sudan,2003-01-01,,,0.107738790598377,,,,
South Sudan,2002-01-01,,,0.100854348125215,,,,
South Sudan,2001-01-01,,,0.0827413130269136,,,,
South Sudan,2000-01-01,,,0.0752024146119677,,,,
South Sudan,1999-01-01,,,0.0722889340349684,,,,
South Sudan,1998-01-01,,,0.0684186015949648,,,,
South Sudan,1997-01-01,,,0.0804649483576979,,,,
South Sudan,1996-01-01,,,0.0675943863854566,,,,
South Sudan,1995-01-01,,,0.0671587978744793,,,,
South Sudan,1994-01-01,,,0.0669829402416514,,,,
South Sudan,1993-01-01,,,0.0499197998793186,,,,
South Sudan,1992-01-01,,,0.0733112761044098,,,,
South Sudan,1991-01-01,,,0.0835029065055058,,,,
South Sudan,1990-01-01,,,0.0913285401226778,,,,
South Sudan,1989-01-01,,,,,,,
South Sudan,1988-01-01,,,,,,,
South Sudan,1987-01-01,,,,,,,
South Sudan,1986-01-01,,,,,,,
South Sudan,1985-01-01,,,,,,,
South Sudan,1984-01-01,,,,,,,
South Sudan,1983-01-01,,,,,,,
South Sudan,1982-01-01,,,,,,,
South Sudan,1981-01-01,,,,,,,
South Sudan,1980-01-01,,,,,,,
South Sudan,1979-01-01,,,,,,,
South Sudan,1978-01-01,,,,,,,
South Sudan,1977-01-01,,,,,,,
South Sudan,1976-01-01,,,,,,,
South Sudan,1975-01-01,,,,,,,
South Sudan,1974-01-01,,,,,,,
South Sudan,1973-01-01,,,,,,,
South Sudan,1972-01-01,,,,,,,
South Sudan,1971-01-01,,,,,,,
South Sudan,1970-01-01,,,,,,,
South Sudan,1969-01-01,,,,,,,
South Sudan,1968-01-01,,,,,,,
South Sudan,1967-01-01,,,,,,,
South Sudan,1966-01-01,,,,,,,
South Sudan,1965-01-01,,,,,,,
South Sudan,1964-01-01,,,,,,,
South Sudan,1963-01-01,,,,,,,
South Sudan,1962-01-01,,,,,,,
South Sudan,1961-01-01,,,,,,,
South Sudan,1960-01-01,,,,,,,
Tanzania,2022-01-01,,,,,,,
Tanzania,2021-01-01,42.7433624267578,,,,,,
Tanzania,2020-01-01,39.9,6.17142857142857,0.233945592120175,,,83.95,
Tanzania,2019-01-01,37.7,6.17142857142857,0.249877326981355,,,83.54,
Tanzania,2018-01-01,34.9296112060547,6.17142857142857,0.206899782120787,,,85.29,
Tanzania,2017-01-01,32.0970230102539,6.17142857142857,0.207213701977385,,,85.29,
Tanzania,2016-01-01,32.8,6.17142857142857,0.195708590682345,,,86.67,
Tanzania,2015-01-01,26.2212181091309,6.17142857142857,0.20489763178503,,,86.24,
Tanzania,2014-01-01,23.5,6.17142857142857,0.198919396160375,101.939302741467,,86.38,
Tanzania,2013-01-01,16.4,6.17142857142857,0.217202207763596,98.6729042560364,,85.57,
Tanzania,2012-01-01,15.3,6.17142857142857,0.200641872348878,96.3040808257843,147.849578663038,86.64,
Tanzania,2011-01-01,14.2,6.17142857142857,0.172778667783982,85.940135639775,147.227106539076,88.77,
Tanzania,2010-01-01,14.8,6.17142857142857,0.15317710653214,94.988914671735,146.579590401438,89.74,
Tanzania,2009-01-01,11.2,6.17142857142857,0.134869853866878,70.9769497123534,143.745801691465,90.93,1.49586357405237
Tanzania,2008-01-01,11.5,6.17142857142857,0.141657914028551,84.299637954748,112.098419758974,90.33,
Tanzania,2007-01-01,15.935040473938,6.17142857142857,0.14158667253389,79.7526216067471,112.962311798202,90.81,
Tanzania,2006-01-01,14.8550510406494,6.17142857142857,0.147716885723632,63.7295174317118,76.3945300643612,90.63,
Tanzania,2005-01-01,13.7959012985229,6.17142857142857,0.143510928953089,77.6125359585522,183.871666862227,90.76,
Tanzania,2004-01-01,11.4,6.17142857142857,0.132470895674732,77.7615132333125,133.101776336046,91.55,
Tanzania,2003-01-01,11.1,6.17142857142857,0.100967168782017,66.3203899467503,173.518559975423,92.4,
Tanzania,2002-01-01,10.7066316604614,6.17142857142857,0.0980867580648493,66.3759457093728,93.4139219756059,92.46,
Tanzania,2001-01-01,9.68313789367676,5.6210193452381,0.088333951865832,61.0767310954175,107.145375548271,93.17,
Tanzania,2000-01-01,8.65109729766846,5.07061011904762,0.0854928419765908,57.4517469161179,127.405018422557,93.73,
Tanzania,1999-01-01,8.0,4.52020089285714,0.0751228993439119,55.0451507550559,65.9322697099306,94.27,
Tanzania,1998-01-01,7.15528964996338,3.96979166666667,0.0825280114341417,59.5221712118781,201.340497254967,93.18,
Tanzania,1997-01-01,6.1970682144165,3.41938244047619,0.0908360280862117,54.7728067392008,-19.707288416613,92.75,
Tanzania,1996-01-01,9.4,2.86897321428571,0.0986007619024254,59.9215182250206,-16.386269153011,92.22,
Tanzania,1995-01-01,4.26906728744507,2.31856398809524,0.0894893208854129,55.9553673811818,-4.25666088369173,93.37,
Tanzania,1994-01-01,3.30064725875854,1.76815476190476,0.0645306830390357,48.3135480344613,-9.32083101204505,95.18,
Tanzania,1993-01-01,2.33018779754639,,0.067297722292273,47.7361055353615,-20.2877910946061,94.11,
Tanzania,1992-01-01,6.8,,0.0674202775612518,52.2466361741133,27.3021066587659,93.68,
Tanzania,1991-01-01,,,0.0693803325183614,53.1034543797074,-13.8260595631886,93.49,
Tanzania,1990-01-01,,,0.0722048055232517,49.7214150707097,,93.17,
Tanzania,1989-01-01,,,,45.0967597801786,,,
Tanzania,1988-01-01,,,,42.7062357987175,,,
Tanzania,1987-01-01,,,,39.254064880828,,,
Tanzania,1986-01-01,,,,38.9722808045011,,,
Tanzania,1985-01-01,,,,34.8698748871548,,,
Tanzania,1984-01-01,,,,33.2613874729288,,,
Tanzania,1983-01-01,,,,32.6866586521373,,,
Tanzania,1982-01-01,,,,34.4879361004398,,,
Tanzania,1981-01-01,,,,36.3984992154716,,,
Tanzania,1980-01-01,,,,35.4447137862681,,,
Tanzania,1979-01-01,,,,35.5106115761599,,,
Tanzania,1978-01-01,,,,33.2411412496844,,,
Tanzania,1977-01-01,,,,34.0310910109967,,,
Tanzania,1976-01-01,,,,34.1470850949518,,,
Tanzania,1975-01-01,,,,33.6743326356734,,,
Tanzania,1974-01-01,,,,33.3730747309288,,,
Tanzania,1973-01-01,,,,33.2594880128309,,,
Tanzania,1972-01-01,,,,31.7901869585006,,,
Tanzania,1971-01-01,,,,30.0875277404877,,,
Tanzania,1970-01-01,,,,,,,
Tanzania,1969-01-01,,,,,,,
Tanzania,1968-01-01,,,,,,,
Tanzania,1967-01-01,,,,,,,
Tanzania,1966-01-01,,,,,,,
Tanzania,1965-01-01,,,,,,,
Tanzania,1964-01-01,,,,,,,
Tanzania,1963-01-01,,,,,,,
Tanzania,1962-01-01,,,,,,,
Tanzania,1961-01-01,,,,,,,
Tanzania,1960-01-01,,,,,,,
Uganda,2022-01-01,,,,,,,
Uganda,2021-01-01,45.2203483581543,,,,,93.03,
Uganda,2020-01-01,42.139476776123,1.63333333333333,0.127793034826946,,,92.91,
Uganda,2019-01-01,41.3,1.63333333333333,0.138373161893107,,,91.62,
Uganda,2018-01-01,41.92,1.63333333333333,0.14131143398732,,,91.47,
Uganda,2017-01-01,32.3853492736816,1.63333333333333,0.128890498774082,,,90.73,
Uganda,2016-01-01,26.7,1.63333333333333,0.127652055126342,,,90.81,
Uganda,2015-01-01,18.5,1.63333333333333,0.125731921963759,,,91.07,
Uganda,2014-01-01,20.4,1.63333333333333,0.113169831612196,,,91.84,
Uganda,2013-01-01,13.9,1.63333333333333,0.104732807028038,,,92.55,
Uganda,2012-01-01,20.4740047454834,1.63333333333333,0.11020533625378,,118.764073095096,92.95,
Uganda,2011-01-01,14.6,1.63333333333333,0.112452831050028,,117.663501489203,92.79,
Uganda,2010-01-01,12.1,1.63333333333333,0.103024798180233,,116.544931996729,93.18,
Uganda,2009-01-01,10.0,1.63333333333333,0.106877767208744,,43.1696478656419,93.87,0.851203469913909
Uganda,2008-01-01,15.9197969436646,1.63333333333333,0.0974045703648217,,141.749073359992,93.73,
Uganda,2007-01-01,14.8051137924194,1.51561965820513,0.0968011803250538,,182.382487705729,93.74,
Uganda,2006-01-01,9.0,1.39790598282051,0.0833934963221192,,10.5106968405488,93.82,
Uganda,2005-01-01,8.9,1.28019230769231,0.072423867987033,,201.748370930904,94.11,
Uganda,2004-01-01,11.5736742019653,1.1624786325641,0.0600307580275667,,90.0776661099808,95.02,
Uganda,2003-01-01,10.5287847518921,1.04476495717949,0.0594655928255172,,142.800383691049,95.28,
Uganda,2002-01-01,7.8,0.927051282051282,0.0581794779348986,,62.119357010722,95.35,
Uganda,2001-01-01,8.6,0.886089743589744,0.0526544799617983,,57.1592645762572,95.22,
Uganda,2000-01-01,7.39889049530029,0.845128205128205,0.0540200810992287,,97.2088470726783,95.01,
Uganda,1999-01-01,6.19963407516479,0.834051282051282,0.0554399375546812,,59.6528580273201,95.21,
Uganda,1998-01-01,5.07471179962158,0.822974358974359,0.0560515205262233,,132.727022127221,95.17,
Uganda,1997-01-01,3.94494771957397,0.811897435897436,0.0507424828935132,,7.67337925463494,95.65,
Uganda,1996-01-01,2.81110429763794,0.800820512820513,0.0493379349005241,,5.52474298331065,96.47,
Uganda,1995-01-01,6.8,0.78974358974359,0.0460571434484427,,5.04196932498679,96.73,
Uganda,1994-01-01,0.533898532390594,0.778666666666667,0.0360605834895775,,0.688697574522124,97.45,
Uganda,1993-01-01,,0.767589743589744,0.0418189259823712,,0.683963224151696,96.95,
Uganda,1992-01-01,,0.756512820512821,0.0433497220450244,,0.86626958827305,96.86,
Uganda,1991-01-01,5.6,0.745435897435897,0.0443755714512516,,-4.28548951150337,96.79,
Uganda,1990-01-01,,0.734358974358974,0.0446779741201128,,,96.78,
Uganda,1989-01-01,,0.723282051282051,,,,,
Uganda,1988-01-01,,0.712205128205128,,,,,
Uganda,1987-01-01,,0.701128205128205,,,,,
Uganda,1986-01-01,,0.690051282051282,,,,,
Uganda,1985-01-01,,0.678974358974359,,,,,
Uganda,1984-01-01,,0.667897435897436,,,,,
Uganda,1983-01-01,,0.656820512820513,,,,,
Uganda,1982-01-01,,0.64574358974359,,,,,
Uganda,1981-01-01,,0.634666666666667,,,,,
Uganda,1980-01-01,,0.623589743589744,,,,,
Uganda,1979-01-01,,0.612512820512821,,,,,
Uganda,1978-01-01,,0.601435897435897,,,,,
Uganda,1977-01-01,,0.590358974358974,,,,,
Uganda,1976-01-01,,0.579282051282051,,,,,
Uganda,1975-01-01,,0.568205128205128,,,,,
Uganda,1974-01-01,,0.557128205128205,,,,,
Uganda,1973-01-01,,0.546051282051282,,,,,
Uganda,1972-01-01,,0.534974358974359,,,,,
Uganda,1971-01-01,,0.523897435897436,,,,,
Uganda,1970-01-01,,0.512820512820513,,,,,
Uganda,1969-01-01,,,,,,,
Uganda,1968-01-01,,,,,,,
Uganda,1967-01-01,,,,,,,
Uganda,1966-01-01,,,,,,,
Uganda,1965-01-01,,,,,,,
Uganda,1964-01-01,,,,,,,
Uganda,1963-01-01,,,,,,,
Uganda,1962-01-01,,,,,,,
Uganda,1961-01-01,,,,,,,
Uganda,1960-01-01,,,,,,,
World,2022-01-01,,,,,,,
World,2021-01-01,91.4139413524894,,,,,,
World,2020-01-01,90.4836286979454,9.10951097722045,4.29185309581619,,,19.7713444783922,
World,2019-01-01,90.1947155859925,9.16789990252773,4.58203557903014,,,18.6365420754695,
World,2018-01-01,89.893732623844,9.13786420037912,4.64129373522904,,,18.1622254961055,
World,2017-01-01,89.0195480673107,9.16045748297895,4.5773062634964,,,17.9191918096439,
World,2016-01-01,88.192384931519,9.0970863516049,4.55751966254109,,,17.6767503798965,
World,2015-01-01,87.0252413350898,9.00101020530396,4.6007965508262,,,17.424128501114,
World,2014-01-01,86.3069690061955,8.99785000063423,4.68181304296171,3104.97530517502,,17.3801085884451,
World,2013-01-01,85.8173656729194,,4.71938605295781,3084.29008450043,,17.2116480907934,
World,2012-01-01,85.0588741198615,,4.68531041622918,3026.05481477936,40.0033080747846,16.9534484358113,
World,2011-01-01,84.6243387003253,,4.68950194037128,3002.37586410418,38.0788140383168,16.7176270694494,
World,2010-01-01,83.5660327863735,,4.60483423828096,2938.4008373143,33.1630237075097,16.7477089214717,
World,2009-01-01,82.9839617858527,,4.39133164012232,2775.77897778407,25.9426842807531,17.092561128788,
World,2008-01-01,82.7887991469847,,4.50361726160499,2825.09818403486,27.2866300047278,16.6823455651823,
World,2007-01-01,82.0958160032311,,4.52806563708505,2804.1500297306,30.7207700723145,16.5304259466794,
World,2006-01-01,81.4688643722278,,4.41713459443952,2715.41850131259,27.2226710979513,16.7220207788914,
World,2005-01-01,80.8359488715867,,4.32979002705054,2639.81455286889,23.4982440203055,16.6504964329937,
World,2004-01-01,80.0635552527649,,4.22379423380142,2562.83643178614,19.4253371598649,16.8184628246129,
World,2003-01-01,80.0930969972078,,4.09008161427668,2485.88756333417,16.1909062531192,17.1201865700362,
World,2002-01-01,79.2303259395068,,3.96147027291307,2421.22356558574,12.6553229199195,17.2744732601478,
World,2001-01-01,78.8454376034246,,3.9580886917346,2367.46644701306,5.58038658840314,17.2630263413407,
World,2000-01-01,78.3643758140407,,3.95166042502221,2375.00548625629,6.09765790188406,17.5900030929892,
World,1999-01-01,74.657853543012,,3.88144181054652,2306.89463555524,6.9570035723004,17.8798195787758,
World,1998-01-01,73.3502503260939,,3.9074609180637,2275.12018292594,15.2125829656117,17.6312834957394,
World,1997-01-01,,,3.93527869130493,2253.59394364429,13.4521213507972,17.4728657695266,
World,1996-01-01,,,3.91958512112778,2231.28740732801,2.68458547316015,17.4436634429496,
World,1995-01-01,,,3.89387626385927,2192.72931207338,2.11381716258812,17.4260070071391,
World,1994-01-01,,,3.84202730877612,2159.51002371146,1.51217390605005,17.3549006707797,
World,1993-01-01,,,3.87498525023737,2136.79605806558,-0.394433331831023,17.2098891651351,
World,1992-01-01,,,3.91031029119985,2130.0163207672,4.16451624420175,17.165780099204,
World,1991-01-01,,,3.98334288883055,2146.78795276867,0.929410465599467,16.8212735352475,
World,1990-01-01,,,4.02086768742079,2121.84763060854,,16.6623297882695,
World,1989-01-01,,,,1892.14970623543,,,
World,1988-01-01,,,,1855.152057244,,,
World,1987-01-01,,,,1799.23638724099,,,
World,1986-01-01,,,,1739.01414853814,,,
World,1985-01-01,,,,1714.88094866486,,,
World,1984-01-01,,,,1675.62620298138,,,
World,1983-01-01,,,,1603.8738138796,,,
World,1982-01-01,,,,1566.50121186823,,,
World,1981-01-01,,,,1592.22868533214,,,
World,1980-01-01,,,,1583.4314772027,,,
World,1979-01-01,,,,1566.58279407342,,,
World,1978-01-01,,,,1521.79528948368,,,
World,1977-01-01,,,,1469.83366085326,,,
World,1976-01-01,,,,1424.20027361818,,,
World,1975-01-01,,,,1353.55246796716,,,
World,1974-01-01,,,,1344.46412231571,,,
World,1973-01-01,,,,1344.77963732307,,,
World,1972-01-01,,,,1271.30970921533,,,
World,1971-01-01,,,,1197.58409054968,,,
World,1970-01-01,,,,,,,
World,1969-01-01,,,,,,,
World,1968-01-01,,,,,,,
World,1967-01-01,,,,,,,
World,1966-01-01,,,,,,,
World,1965-01-01,,,,,,,
World,1964-01-01,,,,,,,
World,1963-01-01,,,,,,,
World,1962-01-01,,,,,,,
World,1961-01-01,,,,,,,
World,1960-01-01,,,,,,,
